{"cameraMode":{"drawMode":0,"name":"Shaded","section":"Shading Mode"},"sceneLighting":false,"audioPlay":false,"sceneViewState":{"m_AlwaysRefresh":false,"showFog":true,"showSkybox":false,"showFlares":true,"showImageEffects":true,"showParticleSystems":true,"showVisualEffectGraphs":true,"m_FxEnabled":true},"in2DMode":false,"pivot":{"x":-5.960464477539063e-8,"y":1.3663215637207032,"z":0.00039196014404296875},"rotation":{"x":0.596376895904541,"y":0.006020254455506802,"z":-0.004472884349524975,"w":0.8026708960533142},"size":1.7273766994476319,"orthographic":false}